NumTrajs,LossBefore,MeanKLBefore,dLoss,MaxReturn,StdReturn,ItrTime,MinReturn,EnvExecTime,ExplainedVariance,Entropy,AverageDiscountedReturn,LossAfter,Perplexity,MeanKL,ProcessExecTime,AverageReturn,PolicyExecTime,Iteration,Time,AveragePolicyStd
271,1.82211081778e-08,0.0,0.0276559140205,74.0209473259,11.0054770804,3.6118600368499756,-0.251627349462,1.5911076068878174,1.09003917004e-10,4.25682,8.6001938228,-0.0276558957994,70.5849,0.00719693023711,0.08614587783813477,9.30092673311,1.3485426902770996,0,3.611854076385498,1.0
228,5.83891934802e-10,0.0,0.0291533047584,98.0188656176,19.1345506624,3.4821109771728516,-0.830182012692,1.5816326141357422,0.372456790917,4.26982,14.3960891599,-0.0291533041745,71.5085,0.00701846275479,0.0857698917388916,16.6690112109,1.3594214916229248,1,7.108148097991943,1.00438
