ExplainedVariance,MeanKLBefore,LossBefore,AverageDiscountedReturn,Perplexity,PolicyExecTime,LossAfter,Iteration,AveragePolicyStd,NumTrajs,Time,EnvExecTime,AverageReturn,MaxReturn,MinReturn,MeanKL,ProcessExecTime,StdReturn,dLoss,Entropy,ItrTime
2.26336727138e-11,0.0,-1.51203831678e-08,21.7696015488,70.5849,1.418217658996582,-0.0243591964245,0,1.0,255,3.745332956314087,1.689415693283081,25.5287461784,195.269242871,5.3557570382,0.00715963216498,0.0921628475189209,24.3951262921,0.0243591813041,4.25682,3.7453410625457764
0.00114209115442,0.0,-2.08681472103e-09,26.5476466351,71.2434,1.3746671676635742,-0.0280317682773,1,1.0032,217,7.275160074234009,1.6098573207855225,31.4954302196,108.74110209,6.5272758808,0.00761363795027,0.08518576622009277,23.059263234,0.0280317661905,4.2661,3.5259549617767334
0.16073612018,0.0,-6.65044852521e-10,34.3603481291,70.8307,1.3594038486480713,-0.0241361279041,2,1.0012,176,10.73379111289978,1.5668730735778809,42.5350318571,168.120470339,5.99568439666,0.00808494444937,0.0824439525604248,32.0244261759,0.024136127239,4.26029,3.45415997505188
