MeanKL,ItrTime,Perplexity,LossBefore,MaxReturn,AverageReturn,MinReturn,NumTrajs,MeanKLBefore,Entropy,Time,LossAfter,StdReturn,AverageDiscountedReturn,EnvExecTime,Iteration,dLoss,ExplainedVariance,AveragePolicyStd,ProcessExecTime,PolicyExecTime
0.0106150750071,6.138152837753296,70.5849,-0.0158264543861,72.5032513854,13.7878800273,0.805756510492,130,0.0106150750071,4.25682,6.138148069381714,-0.0158264543861,12.7891940323,12.3276137771,0,0,0.0,0.0834888536412,1.0,1.1260812282562256,2.446617603302002
0.0122888628393,4.839555025100708,74.3704,0.0138838682324,68.9604807876,13.8845703879,-0.271664682174,107,0.0122888628393,4.30906,10.985611915588379,0.0138838682324,13.2440623725,12.4991440702,0,1,0.0,-2.10640540484,1.01777,1.2925937175750732,2.7566003799438477
0.0137689039111,4.411208868026733,72.8931,0.0147848622873,71.3018590669,11.8766020474,0.119212162575,140,0.0137689039111,4.28899,15.402812004089355,0.0147848622873,11.5390251444,10.7930325031,0,2,0.0,-0.0594338123281,1.01104,1.1485075950622559,2.518418788909912
