MinReturn,MeanKLBefore,ExplainedVariance,AverageDiscountedReturn,PolicyExecTime,AverageReturn,Perplexity,Iteration,NumTrajs,Entropy,dLoss,AveragePolicyStd,MeanKL,MaxReturn,Time,EnvExecTime,LossAfter,ItrTime,ProcessExecTime,LossBefore,StdReturn
-0.574295572983,0.0,2.57235344137e-11,16.949653354,1.3683173656463623,19.9047112547,70.5848,0,217,4.25682,0.0259014203405,1.0,0.00940799247473,145.527795199,3.558764934539795,1.5725696086883545,-0.0259014125913,3.558770179748535,0.08499693870544434,7.74919772795e-09,24.2611718167
0.275639082449,0.0,-0.00208072016276,25.7986113898,1.3779921531677246,33.301562936,72.5367,1,163,4.28409,0.0180325561202,1.00914,0.00642858538777,364.850793605,7.083895921707153,1.5958647727966309,-0.018032534048,3.5214309692382812,0.08557939529418945,2.20722711219e-08,43.9411333241
-0.56305162157,0.0,0.18450491784,27.2704786234,1.3574745655059814,34.1811231816,73.3634,2,165,4.29543,0.0240532019857,1.01315,0.00656518479809,209.917834797,10.533766984939575,1.5424926280975342,-0.0240531992167,3.445141077041626,0.08265972137451172,2.76900680163e-09,35.2286719609
0.0579396021578,0.0,-1.14249132496,7.76635798276,1.9468045234680176,8.42503110986,70.5849,0,18,4.25682,0.0307608878139,1.0,0.00821554288268,26.8534378023,3.323868989944458,0,-0.0307608693838,3.3238730430603027,0.9369003772735596,1.84300752437e-08,7.12917113739
1.37403310064,0.0,-1.43309008843,5.83350265838,1.931852102279663,6.08291660058,68.304,1,12,4.22397,0.0349585036882,0.989155,0.00855495315045,14.7449277415,6.4869019985198975,0,-0.0349585004151,3.1483981609344482,0.8881711959838867,3.27315596849e-09,3.70595587326
0.333959996586,0.0,-34.1564529829,2.25754512247,1.92411470413208,2.29558069537,67.6697,2,6,4.21464,0.0255664754748,0.986249,0.00639913091436,4.38505783553,9.62694001197815,0,-0.0255664568394,3.1326589584350586,0.8825359344482422,1.86353421583e-08,1.33081232996
