Perplexity,Time,MaxReturn,LossBefore,StdReturn,ProcessExecTime,AverageReturn,ItrTime,Entropy,MeanKL,AverageDiscountedReturn,MinReturn,PolicyExecTime,dLoss,LossAfter,ExplainedVariance,EnvExecTime,AveragePolicyStd,MeanKLBefore,NumTrajs,Iteration
70.5848,3.6075079441070557,228.038770217,-2.54427501289e-08,30.4653779297,0.08613872528076172,23.9204813515,3.607513189315796,4.25682,0.00746038602665,19.4986805775,4.23012483128,1.3717079162597656,0.0263418710614,-0.0263418965042,1.49249501646e-11,1.620765209197998,1.0,0.0,222,0
68.6496,7.077039003372192,163.806888693,-1.3634815943e-08,33.0856102117,0.08239555358886719,30.0077357393,3.4639339447021484,4.22902,0.00679742591456,24.000224113,5.39463128622,1.35508394241333,0.0245368381587,-0.0245368517935,0.197028081054,1.581862211227417,0.990836,0.0,188,1
66.8631,10.558867931365967,234.525356603,3.98629795839e-09,51.8419088577,0.08303952217102051,48.9788746229,3.476962089538574,4.20265,0.00705197826028,35.6319336675,5.50621034137,1.3621115684509277,0.0221127963441,-0.0221127923578,0.189992614147,1.577646255493164,0.982128,0.0,138,2
