MeanKL,ItrTime,Perplexity,LossBefore,MaxReturn,AverageReturn,MinReturn,NumTrajs,MeanKLBefore,Entropy,Time,LossAfter,StdReturn,AverageDiscountedReturn,EnvExecTime,Iteration,dLoss,ExplainedVariance,AveragePolicyStd,ProcessExecTime,PolicyExecTime
0.00971625838429,3.795530080795288,70.5849,2.20140927709e-09,67.0790911216,10.9700559098,3.95238038705,362,0.0,4.25682,3.7955222129821777,-0.0349213927984,7.77364309053,10.1906115743,1.7014873027801514,0,0.0349213949998,1.90733207006e-10,1.0,0.09876275062561035,1.4190876483917236
0.00699568912387,3.51577091217041,73.066,1.24235617349e-08,111.77374107,16.0072989188,4.30819153784,301,0.0,4.29136,7.315806150436401,-0.0288511347026,17.257085527,14.1025475067,1.6033148765563965,1,0.0288511471261,0.274060890666,1.01158,0.08914351463317871,1.3616671562194824
0.00731390668079,3.4802041053771973,75.1404,5.69131297645e-10,149.381291542,21.1272024554,1.86271105215,258,0.0,4.31936,10.79960012435913,-0.0268469173461,21.0651784197,18.1279787039,1.5816335678100586,2,0.0268469179153,0.211514811972,1.02111,0.08715486526489258,1.356414794921875
0.0106150750071,6.138152837753296,70.5849,-0.0158264543861,72.5032513854,13.7878800273,0.805756510492,130,0.0106150750071,4.25682,6.138148069381714,-0.0158264543861,12.7891940323,12.3276137771,0,0,0.0,0.0834888536412,1.0,1.1260812282562256,2.446617603302002
0.0122888628393,4.839555025100708,74.3704,0.0138838682324,68.9604807876,13.8845703879,-0.271664682174,107,0.0122888628393,4.30906,10.985611915588379,0.0138838682324,13.2440623725,12.4991440702,0,1,0.0,-2.10640540484,1.01777,1.2925937175750732,2.7566003799438477
0.0137689039111,4.411208868026733,72.8931,0.0147848622873,71.3018590669,11.8766020474,0.119212162575,140,0.0137689039111,4.28899,15.402812004089355,0.0147848622873,11.5390251444,10.7930325031,0,2,0.0,-0.0594338123281,1.01104,1.1485075950622559,2.518418788909912
