MinReturn,MeanKLBefore,ExplainedVariance,AverageDiscountedReturn,PolicyExecTime,AverageReturn,Perplexity,Iteration,NumTrajs,Entropy,dLoss,AveragePolicyStd,MeanKL,MaxReturn,Time,EnvExecTime,LossAfter,ItrTime,ProcessExecTime,LossBefore,StdReturn
0.0579396021578,0.0,-1.14249132496,7.76635798276,1.9468045234680176,8.42503110986,70.5849,0,18,4.25682,0.0307608878139,1.0,0.00821554288268,26.8534378023,3.323868989944458,0,-0.0307608693838,3.3238730430603027,0.9369003772735596,1.84300752437e-08,7.12917113739
1.37403310064,0.0,-1.43309008843,5.83350265838,1.931852102279663,6.08291660058,68.304,1,12,4.22397,0.0349585036882,0.989155,0.00855495315045,14.7449277415,6.4869019985198975,0,-0.0349585004151,3.1483981609344482,0.8881711959838867,3.27315596849e-09,3.70595587326
0.333959996586,0.0,-34.1564529829,2.25754512247,1.92411470413208,2.29558069537,67.6697,2,6,4.21464,0.0255664754748,0.986249,0.00639913091436,4.38505783553,9.62694001197815,0,-0.0255664568394,3.1326589584350586,0.8825359344482422,1.86353421583e-08,1.33081232996
