AverageReturn,NumTrajs,Perplexity,MinReturn,PolicyExecTime,dLoss,StdReturn,AverageDiscountedReturn,MeanKLBefore,MeanKL,Iteration,LossBefore,AveragePolicyStd,MaxReturn,Time,Entropy,ProcessExecTime,ExplainedVariance,LossAfter,EnvExecTime,ItrTime
29.85728012,97,70.5848,3.51751809517,2.889387607574463,0.00870595499873,27.9092086913,24.396288127,0.0088568162173,0.00990377832204,0,-0.0434045530856,1.0,119.17134193,6.4870030879974365,4.25682,1.0318450927734375,0.250297437972,-0.0521105080843,0,6.487003803253174
34.9763877265,96,72.4535,4.44122312109,2.775986433029175,0.0257259272039,35.8509497382,27.9692575951,0.0081572541967,0.00980710890144,1,-0.0277721658349,1.00876,184.043513848,11.652050971984863,4.28295,1.035691499710083,0.317839330962,-0.0534980930388,0,5.150814056396484
44.7347239314,74,73.2818,5.52331086398,3.472466468811035,0.0,38.0480520567,34.6721112383,0.00988959614187,0.00988959614187,2,-0.0243130475283,1.01266,178.59653996,17.174567937850952,4.29431,1.281182050704956,0.255833979651,-0.0243130475283,0,5.500837802886963
